{"cameraMode":{"drawMode":0,"name":"Shaded","section":"Shading Mode"},"sceneLighting":true,"audioPlay":false,"sceneViewState":{"showFog":true,"showMaterialUpdate":false,"showSkybox":true,"showFlares":true,"showImageEffects":true,"showParticleSystems":true},"in2DMode":false,"pivot":{"x":6.804501533508301,"y":1.3785336017608643,"z":3.026339054107666},"rotation":{"x":-0.2485019564628601,"y":-0.4829869568347931,"z":0.14513377845287324,"w":-0.8269864320755005},"size":2.352822780609131,"orthographic":false}